9362;Trailer: Heroes And Captains;21/04/2022
9574;Trailer: Complexity Of A Nuclear Winter;07/07/2022
9937;Trailer: Creatures And Athletes;05/07/2017
9512;Trailer: Cultured By The New World;20/10/2022
9397;Trailer: Fools Of The East;12/10/2018
8933;Trailer: Music Of The Lakes;24/07/2022
9719;Trailer: Is This a Movie ?;12/04/2015
9257;Trailer: Turtle Of The Swamp;23/01/2015
9628;Trailer: Snakes Of A Dog;21/08/2015
8771;Trailer: Children Of The New World;08/05/2018
9410;Trailer: Assassin Of Honor;30/12/2016
9951;Trailer: Criminals And Criminals;09/05/2015
9971;Trailer: Soldiers Of Our Future;17/12/2020
9753;Trailer: Defenders Of Our Future;17/12/2016
9732;Trailer: Aliens Of The Vacuum;08/04/2019
9878;Trailer: Hope;11/04/2017
9405;Trailer: Corruption Of The Planet;21/03/2015
9034;Trailer: Hunters Of Our Future;22/03/2016
9498;Trailer: Warriors Per Realm;25/07/2021
9263;Trailer: Disguised In The Depths;24/05/2018
8110;Trailer: Bandits And Men;07/03/2022
8332;Trailer: Officer Of Stardust;02/02/2023
8700;Trailer: Light Of Solar Flares;09/01/2020
9762;Trailer: Human Of New Earth;18/11/2017
8722;Trailer: Created By A New War;25/11/2014
8215;Trailer: Revival Of The New World;18/05/2015
9687;Trailer: Horse In My Yard;16/08/2021
9211;Trailer: Visitor Of Sunshine;06/11/2019
9946;Trailer: Deception Of Darkness;14/02/2014
9803;Trailer: Death Of The Ocean;06/01/2017
8025;Trailer: Foes In My Yard;20/08/2021
8132;Trailer: Monuments Of New Worlds;07/04/2021
8991;Trailer: Fog In The Lake;17/03/2018
9859;Trailer: Horse Of Tomorrow;06/11/2019
8056;Trailer: Hunters Of Men's Legacy;23/10/2020
8541;Trailer: Bored By Women;12/04/2022
9582;Trailer: Hunters And Strangers;13/01/2021
9776;Trailer: Of The Ocean;15/02/2021
8328;Trailer: Destiny Of Earth's Legacy;02/07/2020
8799;Trailer: Visitor Of Space;20/01/2016
8910;Trailer: Security Of Electricity;28/09/2015
8020;Trailer: Tales And Robots;22/09/2017
9384;Trailer: Journey Of My Imagination;19/10/2018
9479;Trailer: Brothers Of Fortune;25/07/2020
9098;Trailer: Lady Of The Shadows;10/02/2022
8350;Trailer: Space Of My Imagination;17/11/2014
9619;Trailer: Unicorns And Men;11/05/2018
8362;Trailer: Deception Of The Lost;16/07/2022
8982;Trailer: Chaos Of The Swamp;23/04/2022
9642;Trailer: Bandits And Machines;19/06/2021
9541;Trailer: Of The Universe;24/09/2021
9353;Trailer: Beasts And Heroes;14/03/2019
9041;Trailer: Stories And Dogs;06/09/2014
9742;Trailer: Corruption Of The Stars;07/02/2016
8823;Trailer: Ghosts Of The Light;14/10/2021
9807;Trailer: Guardians And Kings;07/06/2020
9598;Trailer: Of The Mind;06/12/2022
9952;Trailer: Trials Of Men's Destiny;25/02/2020
8249;Trailer: Trial Of Men's Ambition;01/03/2023
9857;Trailer: People Of The Stars;19/05/2021
9690;Trailer: Hope Of The Desert;17/06/2023
